No.,Object Name,RA-s,Dec-s,RA,Dec,Redshift (z),cz,z flag,Phys Type,EM Region,Separation,Reference,Note,Photometry,Position,Redshift,Diameter,Distances,Classification,Images,Spectra
2,WISEA J125948.58+275857.8,12h59m48.5914s,+27d58m58.018s,194.9524643,27.9827828,0.01787,5357.29122446,SLS,G,"IR,Vis",0.11066990890216,24,0,40,12,7,4,0,1,0,0
3,SDSS J125949.06+275833.9,12h59m49.0752s,+27d58m34.176s,194.95448,27.97616,0.016535,4957.06829303,UUN,G,Vis,0.300802364269379,10,0,15,6,3,4,0,1,0,0
4,IC 3998,12h59m46.7785s,+27d58m25.890s,194.9449108,27.9738585,0.031419624,9419.36630839579,SLS,G,"IR,Radio,Vis,Xray",0.606075445980537,137,1,74,32,30,7,5,5,2,0
5,WISEA J125946.94+275930.7,12h59m46.9449s,+27d59m30.790s,194.9456041,27.9918862,0.027659,8291.959595822,UUN,G,"IR,Vis",0.761701091037402,48,0,49,22,12,4,0,1,1,0
6,SDSS J125944.92+275854.2,12h59m44.9100s,+27d58m54.130s,194.937125,27.981703,0.024183,7249.881011814,UUN,G,Vis,0.842209984062382,8,0,11,4,3,4,0,0,0,0
8,SDSS J125951.46+275935.4,12h59m51.4968s,+27d59m35.412s,194.96457,27.99317,0.02355,7060.1123859,UUN,G,Vis,0.953404552783036,12,0,15,7,3,4,0,1,0,0
9,COMAi J125953.491+275855.68,12h59m53.4700s,+27d58m55.441s,194.972792,27.982067,0.021582,6470.120828556,UUN,G,Vis,1.05064985694845,5,0,4,3,2,0,0,0,0,0
10,SDSS J125944.76+275807.1,12h59m44.7760s,+27d58m07.130s,194.93656666667,27.96864722222,0.032923,9870.067094734,UUN,G,Vis,1.1435045377853,11,0,16,6,3,4,0,1,0,0
11,SDSS J125952.18+275946.3,12h59m52.1876s,+27d59m46.363s,194.9674486369,27.9962121295,0.028823,8640.918016934,UUN,G,"Vis,Xray",1.19125957743767,11,0,17,4,2,4,0,1,0,0
12,WISEA J125946.71+280000.4,12h59m46.7222s,+28d00m00.428s,194.9446761,28.0001189,0.0206647,6195.1212068326,SLS,G,"IR,Vis",1.2289868129175,12,0,38,7,1,4,0,1,0,0
13,COMAi J125943.054+275845.74,12h59m43.0500s,+27d58m45.681s,194.929375,27.979356,0.024504,7346.114390832,UUN,G,Vis,1.25568866692506,5,0,4,3,2,0,0,0,0,0
14,SDSS J125953.93+275813.7,12h59m53.9323s,+27d58m13.743s,194.974718,27.9704842,0.0226712,6796.6547738096,SLS,G,,1.31242508486035,2,0,15,3,1,4,0,0,0,0
15,COMAi J125953.929+275813.75,12h59m53.9400s,+27d58m13.836s,194.97475,27.97051,0.022482,6739.934040756,UUN,G,Vis,1.31316939802502,23,0,16,9,5,0,0,1,0,0
16,SDSS J125943.95+275802.0,12h59m43.9550s,+27d58m02.068s,194.9331458321,27.9672411442,0.02644,7926.51258952,SLS,G,Vis,1.33728845390241,6,0,16,3,2,4,0,0,0,0
17,GIN 786,12h59m43.7274s,+27d59m40.844s,194.9321978,27.994679,0.0222487251497167,6669.99999999999,SLS,G,"IR,UV,Vis",1.37417963358143,130,1,61,37,38,5,6,4,1,1
18,SDSS J125941.89+275848.9,12h59m41.8800s,+27d58m48.630s,194.9245,27.980175,0.02457,7365.90069306,SLS,G,Vis,1.51092335377045,7,0,11,4,3,3,0,0,0,0
20,SDSS J125951.81+275726.3,12h59m51.8448s,+27d57m26.424s,194.96602,27.95734,0.01988,5959.87406504,UUN,G,Vis,1.57838629444935,11,0,16,5,3,4,0,1,0,0
21,SDSS J125942.92+275954.6,12h59m42.9310s,+27d59m54.390s,194.92887916667,27.99844166667,0.028343,8497.017637094,UUN,G,,1.65177597290575,5,0,16,3,2,4,0,0,0,0
23,COMAi J125952.441+275724.32,12h59m52.4525s,+27d57m24.411s,194.96855208333,27.95678083333,0.022365,6704.85832317,UUN,G,Vis,1.67058333909873,4,0,4,2,2,0,0,0,0,0
24,COMAi J125944.217+275730.29,12h59m44.2200s,+27d57m30.636s,194.93425,27.95851,0.023,6895.226534,UUN,G,,1.67574185718459,2,0,0,1,2,0,0,0,0,0
25,2MASX J12594423+2757307,12h59m44.2012s,+27d57m30.402s,194.934172,27.958445,0.0230326007734324,6905.0,SLS,G,"IR,Vis",1.68133361948714,87,0,51,19,17,6,0,2,2,0
26,COMAi J125944.182+275730.39,12h59m44.1768s,+27d57m30.204s,194.93407,27.95839,0.023,6895.226534,SLS,G,IR,1.68719912686938,6,0,10,5,5,0,0,0,0,0
27,COMAi J125949.656+275706.41,12h59m49.6618s,+27d57m06.476s,194.95692416667,27.95179888889,0.032149,9638.027732242,UUN,G,Vis,1.76436470073616,4,0,4,2,2,0,0,0,0,0
29,WISEA J125955.97+275748.5,12h59m55.9467s,+27d57m48.861s,194.9831114,27.9635726,0.0232,6955.1850256,UUN,G,"IR,Vis",1.9077122695061,10,0,27,6,2,4,0,1,0,0
30,DESI J194.9179+27.9685,12h59m40.3145s,+27d58m06.776s,194.9179773,27.9685491,0.0251776,7548.0545905408,SLS,G,,2.00054549641474,0,0,0,1,1,0,0,0,0,0
31,WISEA J125940.28+275805.6,12h59m40.2807s,+27d58m05.689s,194.9178365,27.9682471,0.025270815852212,7576.0,SLS,G,"IR,Vis",2.01428435486201,81,0,53,22,22,4,0,2,1,1
32,COMAi J125939.402+275840.08,12h59m39.4000s,+27d58m40.051s,194.914167,27.977792,0.02941,8816.89618978,SLS,G,Vis,2.06662650730559,7,0,6,4,3,0,0,0,0,0
33,SDSS J125956.73+275958.1,12h59m56.7353s,+27d59m58.113s,194.986397464,27.9994760549,0.02318,6949.18917644,SLS,G,Vis,2.08803161350002,5,0,18,3,3,4,0,0,0,0
34,WISEA J125944.16+280046.9,12h59m44.1653s,+28d00m46.986s,194.9340223,28.0130519,0.02372,7111.07710376,UUN,G,"IR,Vis",2.17007139800062,18,0,36,8,4,4,0,1,1,0
35,COMAi J125940.409+275731.15,12h59m40.3900s,+27d57m30.898s,194.918292,27.958583,0.022906,6867.046042948,UUN,G,Vis,2.27856696815149,8,0,6,3,2,0,0,0,0,0
36,WISEA J125938.32+275913.9,12h59m38.3242s,+27d59m13.947s,194.9096842,27.9872076,0.022602,6775.909135716,UUN,G,"IR,Vis",2.32509889978071,85,0,60,24,21,7,0,2,2,1
38,SDSS J125958.51+275755.5,12h59m58.5153s,+27d57m55.586s,194.9938141312,27.9654405807,0.022752,6820.878004416,UUN,G,Vis,2.3556303535145,4,0,19,2,2,3,0,0,0,0
39,SDSS J125941.20+275711.0,12h59m41.2000s,+27d57m10.911s,194.921667,27.953031,0.0232,6955.1850256,SLS,G,Vis,2.36075982998959,7,0,21,4,3,3,0,0,0,0
40,WISEA J125951.49+280113.1,12h59m51.4572s,+28d01m13.382s,194.964405,28.0203841,0.0311965,9352.475415997,SLS,G,"IR,Vis",2.43906551242488,5,0,36,4,1,4,0,1,0,0
41,SDSS J125942.27+280054.6,12h59m42.2899s,+28d00m55.101s,194.926208,28.015306,0.026465,7934.00740097,UUN,G,"IR,Vis",2.50029719054931,8,0,18,4,2,4,0,0,0,0
42,SDSS J125959.90+275921.8,12h59m59.8800s,+27d59m21.598s,194.9995,27.989333,0.0218,6535.4755844,UUN,G,IR,2.5139823131678,2,0,27,3,1,4,0,0,0,0
43,COMAi J125938.946+275733.19,12h59m38.9611s,+27d57m33.408s,194.91233791667,27.95928,0.021875,6557.96001875,UUN,G,Vis,2.51818589114282,4,0,4,2,2,0,0,0,0,0
44,SDSS J125959.96+275917.8,12h59m59.9558s,+27d59m17.951s,194.9998159,27.9883199,0.0296271,8881.9811324118,SLS,G,Vis,2.51909344999627,8,0,1,4,4,0,0,0,0,0
45,DESI J194.9996+27.9893,12h59m59.9057s,+27d59m21.827s,194.9996074,27.9893966,0.0219114,6568.8724642212,SLS,G,,2.52031869795514,0,0,0,1,1,0,0,0,0,0
46,COMAi J125959.901+275921.80,12h59m59.9184s,+27d59m21.660s,194.99966,27.98935,0.0218,6535.4755844,UUN,G,Vis,2.52249319043527,5,0,0,2,1,0,0,0,0,0
47,2CXO J125939.8+275716,12h59m39.8174s,+27d57m16.614s,194.91590583333,27.954615,0.0264,7914.5208912,SUN,G,Xray,2.52393679819772,5,0,13,5,1,4,0,0,0,0
48,DESI J194.9153+27.9543,12h59m39.6921s,+27d57m15.663s,194.9153841,27.954351,0.026673,7996.364232234,SLS,G,,2.55541213511982,0,0,0,1,1,0,0,0,0,0
49,WISEA J125939.66+275714.2,12h59m39.6625s,+27d57m14.234s,194.9152607,27.953954,0.026782,8029.041610156,UUN,G,"IR,Vis,Xray",2.57546113252907,102,0,58,27,23,5,0,2,1,0
50,DESI J194.9050+27.9722,12h59m37.2059s,+27d58m20.011s,194.9050246,27.9722253,0.0253588,7602.3769839304,SLS,G,,2.59608261547626,0,0,0,1,1,0,0,0,0,0
51,2MASS J12593720+2758203,12h59m37.1800s,+27d58m19.801s,194.904917,27.972167,0.025091,7522.092563678,UUN,G,"IR,Vis",2.60237673886118,17,0,32,11,5,4,0,1,0,0
52,WISEA J125938.00+280003.4,12h59m38.0078s,+28d00m03.497s,194.9083662,28.0009715,0.016589075,4973.27957019635,SLS,G,"IR,Vis",2.65103195106686,60,0,56,20,11,4,0,1,1,0
53,DESI J194.9255+27.9432,12h59m42.1220s,+27d56m35.590s,194.9255084,27.9432196,0.0187768,5629.1430253744,SLS,G,,2.69464966910766,0,0,0,1,1,0,0,0,0,0
54,SDSS J125942.12+275634.6,12h59m42.0909s,+27d56m34.855s,194.9253791,27.9430155,0.0187434,5619.1299572772,SLS?,G,Vis,2.70865714917549,6,0,9,3,1,0,0,1,0,0
56,SDSS J125943.53+275620.6,12h59m43.5373s,+27d56m20.661s,194.9314055,27.9390725,0.0238000005,7135.06065029623,SUN,G,Vis,2.763733168641,18,0,17,9,5,4,0,1,0,0
57,WISEA J130000.99+275929.6,13h00m00.9897s,+27d59m29.541s,195.0041238,27.9915392,0.0249,7464.8322042,SLS,G,"IR,Vis",2.78155536131025,23,0,40,11,7,4,0,1,1,0
58,COMAi J125944.017+275615.31,12h59m44.0076s,+27d56m15.468s,194.933365,27.93763,0.0244,7314.9359752,SLS,G,Vis,2.80254859178995,6,0,1,3,2,0,0,0,0,0
60,SDSS J125936.03+275805.1,12h59m36.0359s,+27d58m05.163s,194.9001495958,27.9681009263,0.023113,6929.103081754,UUN,G,Vis,2.90548474242905,6,0,11,2,2,4,0,0,0,0
61,COMAi J125938.623+275658.69,12h59m38.6388s,+27d56m58.891s,194.910995,27.94969194444,0.022409,6718.049191322,UUN,G,Vis,2.91269826572098,5,0,3,1,1,0,0,0,0,0
62,COMAi J125935.227+275850.13,12h59m35.2442s,+27d58m50.401s,194.89685083333,27.98066694444,0.024534,7355.108164572,UUN,G,Vis,2.97520229550849,4,0,1,1,1,0,0,0,0,0
64,DESI J194.9019+27.9598,12h59m36.4562s,+27d57m35.513s,194.9019011,27.9598649,0.0239795,7188.873246611,SLS,G,,2.9900303307488,0,0,0,1,1,0,0,0,0,0
66,SDSS J130001.80+275941.2,13h00m01.8000s,+27d59m41.319s,195.0075,27.994811,0.031482,9438.066162756,UUN,G,"IR,Vis",3.00411302718282,6,0,17,4,2,4,0,0,0,0
67,COMAi J125951.272+275554.14,12h59m51.2806s,+27d55m54.228s,194.96366916667,27.93173,0.02386,7153.04804788,UUN,G,Vis,3.0097922531564,4,0,4,2,2,0,0,0,0,0
68,COMAi J125938.081+275656.49,12h59m38.0786s,+27d56m56.749s,194.90866083333,27.94909694444,0.020441,6128.057633978,UUN,G,Vis,3.03071603334307,5,0,1,2,1,0,0,0,0,0
69,DESI J194.8989+27.9618,12h59m35.7496s,+27d57m42.628s,194.898957,27.9618413,0.0240755,7217.653322579,SLS,G,,3.08588359329937,0,0,0,1,1,0,0,0,0,0
70,SDSS J125939.15+280110.7,12h59m39.1600s,+28d01m11.229s,194.913167,28.019786,0.025314,7588.946281812,UUN,G,Vis,3.14144858158935,7,0,19,3,2,3,0,0,0,0
71,NGC 4874,12h59m35.7199s,+27d57m33.325s,194.8988333,27.9592572,0.0239065387028516,7167.00000000001,SLS,G,"IR,Radio,Vis,Xray",3.15292859893563,683,17,131,75,70,11,70,36,11,1
72,COMAi J125935.590+275734.63,12h59m35.6000s,+27d57m35.000s,194.89833333333,27.95972222222,0.024,7195.018992,UUN,G,Radio,3.16570689431546,2,0,0,2,1,0,0,0,0,0
73,DESI J194.8965+27.9595,12h59m35.1703s,+27d57m34.390s,194.8965429,27.9595529,0.0239857,7190.7319598506,SLS,G,,3.25675519152139,0,0,0,1,1,0,0,0,0,0
74,SDSS J125934.39+275942.9,12h59m34.3584s,+27d59m43.404s,194.89316,27.99539,0.017429,5225.082750482,UUN,G,Vis,3.28594233570118,10,0,16,4,2,4,0,1,0,0
75,2MASX J12595013+2755292,12h59m50.1225s,+27d55m29.460s,194.958844,27.92485,0.03273,9812.20715034,SLS,G,"IR,Vis",3.38320777139833,64,0,45,19,16,6,0,1,2,0
76,DESI J194.9978+27.9405,12h59m59.4721s,+27d56m26.043s,194.9978005,27.9405675,0.02037,6106.77236946,SLS,G,,3.39445272572408,1,0,0,2,2,0,0,0,0,0
77,WISEA J125959.47+275626.1,12h59m59.3858s,+27d56m24.414s,194.9974410282,27.94011520894,0.0203707592937511,6106.99999999999,SLS,G,"IR,Radio,Vis",3.40068202646666,52,0,30,20,11,0,0,1,1,0
78,SDSS J125942.36+280158.5,12h59m42.3720s,+28d01m58.559s,194.9265502,28.0329331,0.026008,7797.002247664,UUN,G,Vis,3.41651172419109,12,0,15,8,4,4,0,1,0,0
79,MaNGA 08953-12702,12h59m33.7680s,+27d57m56.232s,194.8907,27.96562,0.0240568,7212.0472036144,SLS,G,,3.42782402623126,1,0,0,1,1,0,0,0,0,0
80,WISEA J125937.01+280107.0,12h59m37.0178s,+28d01m07.002s,194.904241,28.0186119,0.0241355,7235.640870059,SLS,G,"IR,Vis",3.43004073478751,31,0,59,15,8,4,0,1,1,0
81,WISEA J130000.96+275643.7,13h00m00.9697s,+27d56m43.759s,195.0040405,27.9454886,0.02282,6841.26389156,SLS,G,"IR,Vis",3.44328726450683,56,0,44,20,15,4,0,1,1,1
82,WISEA J130003.75+275753.0,13h00m03.7539s,+27d57m53.005s,195.0156413,27.9647236,0.0178844,5361.6082358552,SLS,G,"IR,Vis,Xray",3.46005244395785,41,0,41,16,12,4,0,1,1,1
85,COMAi J125934.046+280006.94,12h59m34.0687s,+28d00m07.423s,194.89195291667,28.00206194444,0.029944,8976.985362352,UUN,G,Vis,3.47245057482361,4,0,4,2,2,0,0,0,0,0
86,SDSS J125957.43+275556.6,12h59m57.4525s,+27d55m56.852s,194.9893858,27.9324589,0.0152528,4572.6744033824,SLS,G,,3.49300764416694,6,0,9,3,1,0,0,1,0,0
87,NGC 4886,13h00m04.4533s,+27d59m15.338s,195.0185558,27.987594,0.0212513685050743,6371.00000000001,SLS,G,"IR,UV,Vis,Xray",3.49590597594374,176,3,78,34,33,6,10,7,1,0
88,DESI J194.8869+27.9838,12h59m32.8662s,+27d59m02.012s,194.8869426,27.9838924,0.0193335,5796.037486743,SLS,G,,3.50438296408185,0,0,0,1,1,0,0,0,0,0
89,NGC 4873,12h59m32.7994s,+27d59m01.025s,194.8866642,27.9836181,0.0194267729043404,5824.00000000001,SLS,G,"IR,Vis,Xray",3.51834734390032,162,1,101,36,35,11,6,5,2,1
90,WISEA J125956.66+275548.1,12h59m56.6612s,+27d55m48.168s,194.9860887,27.9300469,0.0257044491759696,7706.0,SLS,G,"IR,Vis",3.52444366810143,88,0,59,32,31,6,0,2,2,1
91,DESI J195.0195+27.9834,13h00m04.6926s,+27d59m00.357s,195.0195525,27.9834327,0.0212871,6381.7120326918,SLS,G,,3.52934337754687,0,0,0,1,1,0,0,0,0,0
92,SDSS J125932.77+275831.4,12h59m32.7499s,+27d58m31.238s,194.886458,27.975344,0.0248,7434.8529584,SLS,G,Vis,3.54219337719515,6,0,9,4,3,4,0,0,0,0
94,NGC 4883,12h59m56.0109s,+28d02m04.953s,194.9833791,28.0347094,0.0272107,8157.5626369006,SLS,G,"IR,UV,Vis",3.6020375216614,147,3,92,32,32,7,6,5,2,0
95,SDSS J125936.19+280111.8,12h59m36.1900s,+28d01m12.298s,194.900792,28.020083,0.025277,7577.853960866,UUN,G,Vis,3.6260984546376,7,0,9,3,2,3,0,0,0,0
96,DESI J195.0214+27.9817,13h00m05.1597s,+27d58m54.270s,195.021499,27.9817417,0.0215534,6461.5467642572,SLS,G,,3.62976156217467,0,0,0,1,1,0,0,0,0,0
97,2MASS J13000521+2758358,13h00m05.2186s,+27d58m35.972s,195.0217443,27.976659,0.0261012,7824.9429047496,SLS,G,IR,3.65187219579766,12,0,39,6,4,4,0,1,1,0
98,CGCG 160-233,12h59m42.3055s,+27d55m29.042s,194.926273,27.924734,0.0230359364143844,6906.00000000001,SLS,G,"IR,Vis,Xray",3.66110180389555,142,1,69,39,38,6,6,6,2,0
99,DESI J195.0235+27.9799,13h00m05.6410s,+27d58m47.998s,195.0235045,27.9799995,0.0258393,7746.4272599994,SLS,G,,3.73626464245053,0,0,0,1,1,0,0,0,0,0
100,SDSS J125935.91+275624.1,12h59m35.9333s,+27d56m24.553s,194.8997223,27.9401537,0.0188294,5644.9121086652,SLS,G,Vis,3.73879125606788,5,0,17,4,1,4,0,1,0,0
101,COMAi J130004.034+280030.79,13h00m04.0368s,+28d00m30.744s,195.01682,28.00854,0.02118,6349.60426044,SLS,G,Vis,3.76332036287515,12,0,9,5,4,0,0,1,0,0
102,DESI J195.0168+28.0085,13h00m04.0422s,+28d00m30.651s,195.0168428,28.0085142,0.0214622,6434.2056920876,SLS,G,,3.76372678334297,0,0,0,1,1,0,0,0,0,0
105,DESI J194.8923+27.9471,12h59m34.1671s,+27d56m49.641s,194.8923631,27.9471227,0.0240328,7204.8521846224,SLS,G,,3.80232876093976,0,0,0,1,1,0,0,0,0,0
106,DESI J194.8877+27.9542,12h59m33.0507s,+27d57m15.429s,194.8877116,27.954286,0.0240663,7214.8952319654,SLS,G,,3.81305594500149,0,0,0,1,1,0,0,0,0,0
108,WISEA J125949.10+275501.8,12h59m49.1256s,+27d55m01.763s,194.9546903068,27.9171565185,0.0227,6805.2887966,SLS,G,"IR,Vis",3.83165639496893,8,0,38,4,2,4,0,0,0,0
109,NGC 4872,12h59m34.0400s,+27d56m49.000s,194.89183333333,27.94694444444,0.0239499020352273,7179.99999999999,SLS,G,"Radio,Vis,Xray",3.83177965846197,182,3,55,28,35,8,5,7,1,0
110,2MASS J13000611+2758418,13h00m06.1154s,+27d58m41.851s,195.025481,27.978292,0.02546,7632.71598068,SLS,G,"IR,Vis",3.84397590661441,48,2,17,16,17,0,0,2,1,1
112,COMAi J125931.729+275748.12,12h59m31.7431s,+27d57m48.369s,194.88226291667,27.96343583333,0.029554,8860.066303732,UUN,G,Vis,3.8937201445553,5,0,1,2,1,0,0,0,0,0
113,DESI J195.0273+27.9766,13h00m06.5753s,+27d58m35.822s,195.0273972,27.9766174,0.0216248,6482.9519457584,SLS,G,,3.95086491320831,0,0,0,1,1,0,0,0,0,0
114,COMAi J125930.702+275925.76,12h59m30.7286s,+27d59m25.998s,194.87803583333,27.990555,0.025418,7620.124697444,UUN,G,Vis,4.0130513930253,4,0,4,2,2,0,0,0,0,0
115,DESI J195.0294+27.9748,13h00m07.0565s,+27d58m29.550s,195.0294024,27.9748751,0.0216631,6494.4339968998,SLS,G,,4.06503273152953,0,0,0,1,1,0,0,0,0,0
116,WISEA J125935.18+275605.1,12h59m35.1804s,+27d56m05.066s,194.8965852,27.9347407,0.0150624,4515.5939193792,SLS,G,"IR,Vis",4.07957136402101,22,0,38,11,6,4,0,1,1,0
117,WISEA J125955.67+275503.9,12h59m55.6997s,+27d55m03.745s,194.9820823,27.9177072,0.02201,6598.43200058,SLS,G,"IR,Vis",4.0984721833572,25,0,28,10,7,0,0,1,1,0
118,WISEA J125950.18+275445.2,12h59m50.1816s,+27d54m45.212s,194.9590902,27.9125591,0.02417,7245.98370986,SLS,G,"IR,Radio,Vis",4.11912169415179,54,0,43,27,17,4,0,1,0,1
120,IC 4011,13h00m06.3994s,+28d00m14.791s,195.0266645,28.0041088,0.0242434384390017,7268.0,SLS,G,"IR,Vis",4.1417599750304,159,2,84,37,37,6,5,7,2,0
122,DESI J194.8798+27.9552,12h59m31.1712s,+27d57m19.032s,194.8798802,27.9552869,0.0238417,7147.5618458986,SLS,G,,4.17064451022642,0,0,0,1,1,0,0,0,0,0
123,DESI J195.0313+27.9731,13h00m07.5236s,+27d58m23.462s,195.0313486,27.973184,0.0216689,6496.1727931562,SLS,G,,4.17794742750411,0,0,0,1,1,0,0,0,0,0
124,SDSS J125931.13+275717.6,12h59m31.1275s,+27d57m17.754s,194.8796979,27.9549317,0.02366,7093.08955628,SLS,G,Vis,4.18754078468961,26,0,9,11,8,0,0,1,0,1
126,NGC 4876,12h59m44.4055s,+27d54m44.826s,194.935023,27.9124518,0.0223487943782762,6700.0,SLS,G,"IR,Vis,Xray",4.2218213631292,197,3,83,37,40,10,6,8,2,1
128,COMAi J130005.370+275644.28,13h00m05.3760s,+27d56m44.469s,195.0224,27.94568583333,0.01927,5777.00066566,UUN,G,Vis,4.24453279805756,5,0,4,2,2,0,0,0,0,0
129,NGC 4886:[WLQ2016] X0001,13h00m08.1308s,+27d58m36.907s,195.0338787,27.9769186,0.0215,6445.537847,SLS,G,"IR,Radio,Vis,Xray",4.29252634441723,593,12,214,68,60,15,72,37,26,3
130,SDSS J125949.95+275433.0,12h59m49.9777s,+27d54m33.030s,194.9582408,27.909175,0.0289243,8671.2869929294,SLS,G,Vis,4.31844339143537,14,0,26,5,1,4,0,1,0,0
131,WISEA J130007.48+275729.6,13h00m07.4851s,+27d57m29.606s,195.0311882,27.958224,0.0207143303118052,6209.99999999999,SLS,G,"IR,Radio,Vis",4.36287627978032,35,0,27,15,9,0,0,1,1,0
132,WISEA J130005.33+275629.4,13h00m05.3482s,+27d56m28.902s,195.0222842,27.9413619,0.0235121,7048.7502517418,SLS,G,"IR,Vis",4.374724540021,10,0,36,6,2,4,0,1,0,0
133,DESI J194.8748+27.9566,12h59m29.9700s,+27d57m24.085s,194.8748752,27.9566904,0.0228166,6840.2445972028,SLS,G,,4.38942609611515,0,0,0,1,1,0,0,0,0,0
134,NGC 4871,12h59m29.9644s,+27d57m23.251s,194.874852,27.9564586,0.0226656802687144,6794.99999999999,SLS,G,"IR,Vis,Xray",4.39522975128716,157,1,98,46,42,8,0,5,1,0
135,SDSS J125947.23+280316.4,12h59m47.2350s,+28d03m15.989s,194.9468127,28.0544416,0.0313783,9406.9776848614,SLS,G,Vis,4.41866651559799,9,0,17,4,3,4,0,1,0,0
136,SDSS J125947.66+275425.8,12h59m47.6736s,+27d54m25.920s,194.94864,27.9072,0.0284,8514.1058072,UUN,G,Vis,4.43402645906493,7,0,15,3,1,4,0,1,0,0
137,DESI J194.8762+27.9490,12h59m30.3039s,+27d56m56.697s,194.8762664,27.9490826,0.0234898,7042.0648799284,SLS,G,,4.49479557802734,0,0,0,1,1,0,0,0,0,0
138,DESI J195.0377+27.9780,13h00m09.0654s,+27d58m41.028s,195.0377727,27.9780634,0.0216701,6496.5325441058,SLS,G,,4.49529814213052,0,0,0,1,1,0,0,0,0,0
139,WISEA J130005.39+280128.0,13h00m05.3995s,+28d01m28.042s,195.0224983,28.0244561,0.01969,5902.91349802,SLS,G,"IR,Vis,Xray",4.511466620282,89,0,62,34,31,7,0,1,2,1
140,WISEA J125933.26+280151.9,12h59m33.2448s,+28d01m52.644s,194.88852,28.03129,0.0237,7105.0812546,UUN,G,IR,4.55763847780025,1,0,12,3,1,0,0,0,0,0
141,SDSS J125933.23+280152.6,12h59m33.2348s,+28d01m52.563s,194.8884787,28.0312676,0.0237,7105.0812546,UUN,G,Vis,4.55838928172396,10,0,26,6,2,4,0,1,0,0
143,WISEA J130008.40+275717.1,13h00m08.3976s,+27d57m16.777s,195.0349901,27.9546605,0.0208816,6260.1461909728,SLS,G,"IR,Vis",4.62336410952514,11,0,38,7,2,4,0,1,0,0
144,SDSS J125943.36+275422.0,12h59m43.3661s,+27d54m22.054s,194.9306922581,27.9061261459,0.021481,6439.841790298,UUN,G,,4.64543186482643,4,0,16,1,1,4,0,0,0,0
145,WISEA J125930.26+280114.9,12h59m30.2624s,+28d01m14.901s,194.8760935,28.0208059,0.02374,7117.07295292,SLS,G,"IR,Vis",4.7226672990146,26,0,43,13,6,4,0,1,1,0
146,DESI J195.0399+27.9563,13h00m09.5873s,+27d57m22.812s,195.0399471,27.9563367,0.0213155,6390.226138499,SLS?,G,,4.83932483017987,0,0,0,1,1,0,0,0,0,0
147,WISEA J125929.33+275632.0,12h59m29.3067s,+27d56m32.595s,194.8721114,27.9423875,0.01867,5597.12519086,SLS,G,"IR,Vis",4.87273232886012,15,0,48,10,6,4,0,1,1,0
149,MaNGA 08953-12701,13h00m10.9440s,+27d58m48.540s,195.0456,27.98015,0.0215971,6474.6476946718,SLS,G,,4.90680579439336,1,0,0,1,1,0,0,0,0,0
150,DESI J195.0420+27.9581,13h00m10.0996s,+27d57m29.408s,195.0420818,27.9581689,0.0210809,6319.8948278522,SLS,G,,4.91534773023738,0,0,0,1,1,0,0,0,0,0
151,WISEA J125926.35+275918.1,12h59m26.3759s,+27d59m18.334s,194.8598997,27.9884263,0.025571,7665.992943518,UUN,G,"IR,Vis",4.9529438553399,8,0,39,7,3,0,0,1,0,0
152,WISEA J130010.37+275733.1,13h00m10.3777s,+27d57m33.166s,195.0432405,27.9592128,0.021111271585091,6328.99999999999,SLS,G,"IR,Vis",4.95744089707805,27,0,50,12,10,6,0,1,2,1
153,WISEA J130005.68+275535.4,13h00m05.6861s,+27d55m35.261s,195.0236922,27.9264616,0.02653,7953.49391074,SLS,G,"IR,Vis",4.97447606107619,33,0,23,14,10,0,0,1,1,0
154,WISEA J125926.62+275954.1,12h59m26.6257s,+27d59m54.195s,194.8609404,27.9983876,0.0222420538678128,6668.00000000001,SLS,G,"IR,Vis,Xray",4.98781858757365,92,0,59,26,26,7,1,2,2,1
155,DESI J195.0441+27.9599,13h00m10.6043s,+27d57m35.905s,195.0441847,27.9599737,0.021312,6389.176864896,SLS,G,,4.99397757350532,0,0,0,1,1,0,0,0,0,0
156,WISEA J125928.53+280108.9,12h59m28.5055s,+28d01m09.375s,194.8687732,28.0192709,0.019932,5975.463272856,SLS,G,"IR,Vis",5.01824750238886,23,0,28,11,6,0,0,1,0,0
157,NGC 4875,12h59m37.9071s,+27d54m26.306s,194.9079466,27.9073074,0.026708477102516,8006.99999999999,SLS,G,"IR,UV,Vis",5.02521753154187,130,2,77,32,35,7,2,5,2,0
158,SDSS J130005.76+280212.1,13h00m05.7576s,+28d02m12.084s,195.02399,28.03669,0.0194,5815.9736852,UUN,G,Vis,5.03055154969364,8,0,15,4,1,4,0,1,0,0
159,DESI J195.0452+27.9609,13h00m10.8643s,+27d57m39.252s,195.045268,27.9609034,0.0218325,6545.218839285,SLS?,G,,5.03587465737825,0,0,0,1,1,0,0,0,0,0
160,2MASS J12592590+2758286,12h59m25.9682s,+27d58m28.850s,194.8582011,27.9746807,0.02429,7281.95880482,SLS,G,IR,5.03746931261201,1,0,21,3,1,4,0,0,0,0
162,WISEA J130007.12+275551.4,13h00m07.1270s,+27d55m51.412s,195.0296962,27.9309479,0.0260042,7795.8630363236,SLS,G,"IR,Vis",5.05383210455997,25,0,47,13,7,4,0,1,1,0
163,SDSS J125925.99+275749.6,12h59m26.0043s,+27d57m49.542s,194.8583515,27.9637617,0.0189583,5683.5553565014,SLS,G,,5.12100136231222,4,0,15,3,1,4,0,1,0,0
164,WISEA J125958.22+275411.0,12h59m58.2157s,+27d54m10.748s,194.9925656,27.9029857,0.0244,7314.9359752,UUN,G,"IR,Vis",5.12919381921007,9,0,27,6,2,4,0,1,0,0
165,WISEA J125932.03+275515.4,12h59m32.0987s,+27d55m15.845s,194.8837446,27.9210683,0.02336,7003.15181888,SLS,G,"IR,Vis",5.1384634717906,25,0,45,11,5,4,0,1,1,0
166,IC 3968,12h59m25.4921s,+27d58m23.557s,194.8562171,27.9732103,0.0203273959613754,6094.0,SLS,G,"IR,UV,Vis",5.14959639715921,82,1,60,28,28,6,1,2,2,1
167,WISEA J125925.33+275804.6,12h59m25.3358s,+27d58m04.611s,194.8555659,27.9679477,0.0257044491759696,7706.0,SLS,G,"IR,UV,Vis",5.22203110767039,85,0,65,34,30,7,1,2,2,0
168,SDSS J125935.96+275422.0,12h59m35.9698s,+27d54m22.043s,194.8998743,27.9061232,0.02986,8951.80279588,SLS,G,Vis,5.30215491506413,12,0,28,6,5,4,0,1,1,0
169,SN 2010ai HOST,12h59m25.0182s,+27d59m48.215s,194.8542425,27.9967266,0.0182793124168587,5479.99999999999,SLS,G,"IR,Vis",5.31680418513794,59,0,49,22,17,4,1,1,1,0
170,SDSS J125935.50+275421.6,12h59m35.5071s,+27d54m21.646s,194.8979464,27.9060128,0.0234676,7035.4094873608,SLS,G,IR,5.36268218970982,0,0,23,3,1,4,0,0,0,0
171,COMAi J125930.828+280230.68,12h59m30.8365s,+28d02m30.793s,194.8784858,28.0418871,0.0214859,6441.3107733422,SLS,G,,5.37826405390381,10,0,10,6,4,0,0,1,0,0
173,WISEA J125957.62+280354.3,12h59m57.6201s,+28d03m54.389s,194.9900838,28.0651081,0.01948,5839.95708184,SLS,G,"IR,Vis",5.41525202952394,67,0,58,28,23,6,0,1,2,1
174,ABELL 1656:[GMP83] 3336,12h59m35.1953s,+27d54m20.248s,194.89664733726,27.90562467193,0.023196,6953.985855768,UUN,G,,5.41987891524644,9,0,0,2,2,0,0,1,0,0
175,SDSS J130010.38+275617.0,13h00m10.3858s,+27d56m17.013s,195.0432742876,27.9380594109,0.02497,7485.81767626,SLS,G,Vis,5.43387482188667,7,0,16,3,2,4,0,0,0,0
176,[ANM98] +1.66+1.02,12h59m34.2660s,+27d54m26.431s,194.89277516646,27.90734215666,0.0227000006,6805.28897647547,SUN,G,,5.4517603684653,2,0,0,1,1,0,0,0,0,0
177,COMAi J125926.032+280104.00,12h59m26.0558s,+28d01m04.213s,194.85856583333,28.01783694444,0.018299,5485.902188942,UUN,G,Vis,5.46933131855673,5,0,1,2,1,0,0,0,0,0
178,SDSS J125927.68+280145.9,12h59m27.6972s,+28d01m45.949s,194.8654051,28.0294305,0.0260685,7815.139691373,SLS,G,Vis,5.47503628717617,4,0,15,3,2,4,0,0,0,0
179,2MASX J12593141+2802478,12h59m31.4188s,+28d02m47.954s,194.880912,28.046654,0.0230726284648562,6917.00000000001,SLS,G,"IR,Vis",5.48621837138948,83,2,45,24,25,7,0,2,2,0
181,WISEA J125944.69+275323.1,12h59m44.6917s,+27d53m23.194s,194.9362156,27.8897762,0.0227057079601382,6807.0,SLS,G,"IR,Vis",5.54526921637043,40,0,59,18,11,4,0,1,0,0
182,[IBG2003] J130006+280246,13h00m06.6686s,+28d02m45.762s,195.02778583333,28.046045,0.02827,8475.13278766,PUN,G,Vis,5.56092798196455,3,0,0,1,1,0,0,0,0,0
183,SDSS J125933.65+275423.4,12h59m33.6539s,+27d54m23.493s,194.890224721,27.9065258506,0.0236,7075.1020088,UUN,G,Vis,5.57121441283187,2,0,8,1,1,4,0,0,0,0
184,WISEA J125951.40+280424.2,12h59m51.4055s,+28d04m24.287s,194.9641896,28.0734133,0.0249872863712936,7491.00000000001,SLS,G,"IR,Vis",5.57637938042032,49,0,44,17,14,2,0,1,2,1
185,WISEA J125923.18+275855.3,12h59m23.2582s,+27d58m54.972s,194.8469092,27.9819369,0.0296,8873.8567568,SUN,G,"IR,Vis",5.62160414173873,9,0,14,5,3,0,0,1,0,0
186,2MASX J12592868+2802258,12h59m28.7121s,+28d02m25.954s,194.869634,28.040543,0.0187529734320401,5622.0,SLS,G,"IR,Vis",5.68019526459535,72,2,42,26,27,7,0,2,2,1
187,SDSS J125931.42+275431.4,12h59m31.4144s,+27d54m31.365s,194.8808937,27.9087126,0.0245381,7356.3373136498,SLS,G,Vis,5.78089434457709,4,0,15,3,1,4,0,1,0,0
188,COMAi J130014.209+280026.46,13h00m14.2126s,+28d00m26.456s,195.05921916667,28.00734888889,0.027182,8148.958593356,UUN,G,Vis,5.84531193636051,5,0,1,2,1,0,0,0,0,0
190,WISEA J125925.34+275603.9,12h59m25.3414s,+27d56m03.946s,194.8555895,27.9344297,0.0253108435436358,7588.00000000001,SLS,G,"IR,Vis",5.87020620025704,50,0,53,15,11,6,0,1,2,0
192,DESI J194.8414+27.9737,12h59m21.9500s,+27d58m25.600s,194.8414586,27.973778,0.0199158,5970.6066350364,SLS,G,,5.92621511871384,0,0,0,1,1,0,0,0,0,0
193,WISEA J125921.41+275824.7,12h59m21.4115s,+27d58m24.792s,194.8392148,27.9735534,0.020081,6020.132349098,UUN,G,"IR,Vis",6.04578472937617,61,0,53,21,15,6,0,2,2,0
194,WISEA J130016.36+275902.5,13h00m16.2989s,+27d59m02.728s,195.0679122,27.9840912,0.0221636,6644.4801221288,SLS,G,"IR,Vis",6.09149683841546,4,0,27,4,1,4,0,1,0,0
196,SDSS J130011.60+275523.0,13h00m11.6100s,+27d55m22.789s,195.048375,27.922997,0.02018,6049.81180244,SLS,G,Vis,6.13708636943914,7,0,19,4,3,3,0,0,0,0
197,COMAi J130016.555+275826.59,13h00m16.5799s,+27d58m26.918s,195.069083,27.974144,0.022926,6873.041892108,UUN,G,Vis,6.1647314975365,5,0,4,3,2,0,0,0,0,0
198,NGC 4894,13h00m16.5184s,+27d58m03.114s,195.068827,27.9675319,0.015470308,4637.88166133706,SLS,G,"IR,Vis",6.19058301755245,117,1,68,38,37,7,1,5,2,1
199,DESI J195.0691+27.9677,13h00m16.6018s,+27d58m04.074s,195.0691744,27.9677984,0.0156873,4702.9342263834,SLS,G,,6.20676611783666,0,0,0,1,1,0,0,0,0,0
200,SDSS J125921.57+280101.6,12h59m21.6096s,+28d01m02.028s,194.84004,28.01723,0.0222,6655.3925676,UUN,G,Vis,6.36690071693117,7,0,15,4,1,4,0,1,0,0
201,WISEA J130017.63+275915.1,13h00m17.6471s,+27d59m15.192s,195.0735299,27.9875534,0.0200265,6003.793660137,SLS,G,"IR,Vis",6.39831975799518,28,0,33,14,6,0,0,1,1,0
202,DESI J194.8324+27.9729,12h59m19.7992s,+27d58m22.527s,194.832497,27.9729242,0.0243728,7306.7816203424,SLS,G,,6.40359281383153,0,0,0,1,1,0,0,0,0,0
203,DESI J195.0736+27.9878,13h00m17.6851s,+27d59m16.378s,195.0736879,27.987883,0.0199587,5983.4677314846,SLS,G,,6.40790990086258,0,0,0,1,1,0,0,0,0,0
204,WISEA J125919.71+275824.4,12h59m19.7171s,+27d58m24.448s,194.8321548,27.9734579,0.024037,7206.111312946,UUN,G,"IR,Vis",6.41932091744875,47,0,45,16,12,4,0,1,1,1
205,SDSS J125920.03+275746.9,12h59m20.0380s,+27d57m46.950s,194.8334919104,27.963041815,0.025,7494.81145,UUN,G,Vis,6.42381616471041,2,0,8,1,1,4,0,0,0,0
206,COMAi J130013.519+280214.57,13h00m13.5197s,+28d02m14.578s,195.05633208333,28.03738277778,0.017769,5327.012186202,UUN,G,,6.43477327198829,7,0,1,4,2,0,0,0,0,0
207,ABELL 1656:[BDG95] +0085-0422,12h59m51.6000s,+28d05m16.000s,194.965,28.08777777778,0.030941,9275.878442978,SUN,G,,6.43811015049125,2,0,0,1,1,0,0,0,1,0
208,WISEA J125919.69+275805.1,12h59m19.6941s,+27d58m05.171s,194.8320589,27.9681033,0.0278931,8362.1410102398,SLS,G,"IR,Vis",6.45513849845865,12,0,33,6,1,0,0,1,0,0
209,SDSS J130005.38+275333.1,13h00m05.4020s,+27d53m33.090s,195.022508333333,27.892525,0.0209611677422519,6284.00000000001,SLS,G,Vis,6.46186085797581,10,0,15,7,1,4,0,1,0,0
210,SDSS J130000.58+280446.5,13h00m00.5923s,+28d04m46.428s,195.0024682,28.0795634,0.0275442,8257.5434216436,SLS?,G,Vis,6.46816223998061,1,0,15,2,1,4,0,0,0,0
211,SDSS J125920.90+280057.5,12h59m20.8992s,+28d00m57.276s,194.83708,28.01591,0.0227,6805.2887966,UUN,G,Vis,6.48854787328289,8,0,15,4,1,4,0,1,0,0
212,SDSS J130018.27+275817.6,13h00m18.2708s,+27d58m17.671s,195.0761283759,27.9715753956,0.016511,4949.873274038,UUN,G,Vis,6.54884811834391,7,0,16,3,1,4,0,1,0,0
213,WISEA J130016.70+275639.2,13h00m16.6761s,+27d56m38.818s,195.0694841,27.9441162,0.0179,5366.2849982,SLS,G,"IR,Vis",6.55779713021575,11,0,13,8,4,0,0,1,0,0
214,WISEA J130011.41+275436.6,13h00m11.4138s,+27d54m36.441s,195.0475575,27.9101227,0.0241,7224.9982378,UUN,G,"IR,Vis",6.57297031295088,13,0,36,8,3,4,0,1,0,0
215,NGC 4898A,13h00m17.6774s,+27d57m18.921s,195.073656,27.955256,0.0230633,6914.2033965914,SLS,G,"IR,Radio,Xray",6.57779741382123,112,1,50,25,17,6,0,3,2,0
217,COMAi J130018.525+275829.94,13h00m18.5412s,+27d58m30.082s,195.077255,27.97502277778,0.023396,7013.944347368,UUN,G,Vis,6.59374189157958,4,0,4,2,2,0,0,0,0,0
219,SDSS J130015.68+280146.3,13h00m15.6800s,+28d01m46.332s,195.0653334091,28.029536913,0.023299,6984.864478942,UUN,G,Vis,6.62516179522687,6,0,16,3,1,3,0,0,0,0
220,SDSS J130001.03+280454.7,13h00m01.0279s,+28d04m55.522s,195.0042829,28.0820895,0.025991,7791.905775878,SLS,G,,6.64570731222638,12,0,4,6,5,0,0,1,0,0
221,NGC 4898B,13h00m18.0950s,+27d57m23.533s,195.075396,27.956537,0.02127,6376.58558166,SLS,G,IR,6.65003795183788,60,1,15,13,9,0,0,3,1,0
222,SDSS J130018.09+275723.7,13h00m18.0982s,+27d57m23.694s,195.0754094,27.9565819,0.0212380259412663,6366.99999999999,SLS,G,"IR,Vis",6.65013518826335,9,0,19,8,7,4,0,0,0,0
224,WISEA J125923.40+275510.1,12h59m23.4053s,+27d55m10.182s,194.8475221,27.919495,0.023109320515328,6928.00000000001,SLS,G,"IR,Vis",6.6986274173491,41,0,56,19,10,4,0,1,1,0
225,SDSS J130013.80+280243.5,13h00m13.8115s,+28d02m43.606s,195.0575482,28.0454461,0.0298018,8934.3548748244,SLS,G,,6.75431847440623,8,0,24,4,2,4,0,1,0,0
226,IC 4021,13h00m14.7454s,+28d02m29.260s,195.0614395,28.0414613,0.0191198939367581,5732.00000000001,SLS,G,"IR,Vis",6.79379863485597,168,3,87,38,38,10,11,8,2,0
227,COMAi J130019.734+275904.81,13h00m19.7534s,+27d59m04.992s,195.08230583333,27.98472,0.023466,7034.929819428,UUN,G,Vis,6.85494013827636,6,0,3,2,1,0,0,0,0,0
228,WISEA J125944.21+275203.6,12h59m44.2152s,+27d52m03.684s,194.93423,27.86769,0.0208077282584607,6237.99999999999,SLS,G,"IR,Vis",6.87103568124486,60,0,55,24,19,6,0,1,2,1
229,WISEA J130018.88+280033.5,13h00m18.8893s,+28d00m33.505s,195.0787057,28.009307,0.02068,6199.70803144,SLS,G,"IR,Vis",6.87295112304992,55,0,63,29,21,6,0,1,2,1
230,WISEA J130013.45+280311.6,13h00m13.4412s,+28d03m11.829s,195.0560052,28.053286,0.027025,8101.89117745,SLS,G,"IR,Vis,Xray",6.96987354919892,36,0,39,13,10,4,0,1,1,1
231,NGC 4869,12h59m23.3600s,+27d54m41.782s,194.8473334,27.9116063,0.0228199,6841.2339123142,SLS,G,"IR,Radio,Xray",6.97877191396436,295,5,110,36,36,14,9,12,6,1
232,SDSS J130020.21+275937.6,13h00m20.2192s,+27d59m37.649s,195.0842467,27.9937915,0.022722,6811.884230676,UUN,G,"Vis,Xray",6.9960756050247,13,0,12,6,4,0,0,1,0,0
233,SDSS J130020.18+275801.6,13h00m20.2000s,+27d58m02.031s,195.084167,27.967231,0.020981,6289.945561298,UUN,G,Vis,6.99940894971042,5,0,9,3,2,3,0,0,0,0
234,WISEA J130005.48+280449.0,13h00m05.4891s,+28d04m49.131s,195.0228714,28.0803144,0.0170829,5121.3245807682,SLS,G,"IR,Vis",7.01440326319099,7,0,29,4,2,4,0,1,0,0
235,WISEA J125947.75+280552.3,12h59m47.7587s,+28d05m52.352s,194.9489948,28.0978758,0.0212455,6369.240666439,SLS,G,"IR,Vis",7.01575498687729,25,0,33,14,9,4,0,1,0,0
237,IC 3973,12h59m30.8232s,+27d53m03.173s,194.8784302,27.8842148,0.01570999,4709.73651725542,SLS,G,"IR,Vis,Xray",7.02483370399534,149,1,82,36,37,7,2,6,2,1
238,SDSS J130016.37+275522.2,13h00m16.3584s,+27d55m22.080s,195.06816,27.9228,0.01556,4664.77064648,SLS,G,Vis,7.0318706061992,10,0,16,5,3,4,0,1,0,0
240,DESI J194.8458+27.9116,12h59m22.9999s,+27d54m42.000s,194.8458333,27.9116667,0.0228869,6861.3200070002,SLS,G,,7.04059773961888,0,0,0,1,1,0,0,0,0,0
241,WISEA J125916.75+275857.5,12h59m16.7062s,+27d58m57.266s,194.8196093496,27.9825740206,0.0240000002,7195.01905195849,SUN,G,"IR,Vis",7.06844183899193,12,0,38,4,2,4,0,1,0,0
242,WISEA J130011.14+280354.8,13h00m11.1478s,+28d03m54.885s,195.0464492,28.065246,0.02454364612468,7357.99999999999,SLS,G,"IR,Vis",7.07452837261607,62,0,51,31,22,4,0,1,1,0
243,WISEA J125951.75+280554.5,12h59m51.7530s,+28d05m54.527s,194.9656377,28.0984798,0.02551,7647.70560358,SLS,G,"IR,Vis",7.08048861088677,41,0,45,15,12,6,0,1,2,1
244,WISEA J125937.20+275213.5,12h59m37.2200s,+27d52m13.885s,194.9050834,27.8705237,0.0211845,6350.953326501,SLS,G,"IR,Vis",7.0986440630267,22,0,28,8,5,0,0,1,1,0
245,DESI J195.0471+28.0656,13h00m11.3186s,+28d03m56.281s,195.0471611,28.0656337,0.0245486,7359.4851344588,SLS,G,,7.11753128189103,0,0,0,1,1,0,0,0,0,0
246,WISEA J125957.75+280541.7,12h59m57.7523s,+28d05m41.779s,194.9906348,28.0949388,0.0348,10432.7775384,PUN,G,IR,7.1209344678791,1,0,18,3,1,0,0,0,0,0
247,2MASX J13001877+2756135,13h00m18.7794s,+27d56m13.344s,195.0782476,27.93704,0.017615974,5281.13614552409,SLS,G,"IR,Vis",7.14259011921308,79,1,40,34,29,7,0,1,2,0
248,IC 4012,13h00m07.9784s,+28d04m43.440s,195.0332436,28.0787334,0.0241400335694903,7237.00000000001,SLS,G,"IR,UV,Vis",7.24209706146944,166,2,92,37,40,6,10,7,2,1
249,[HBV2021] Coma 1413,13h00m11.9714s,+28d04m03.903s,195.04988083333,28.06775083333,0.023696,7103.882084768,UUN,G,Vis,7.30907476988615,3,0,1,2,2,0,0,0,0,0
250,WISEA J125958.72+280551.6,12h59m58.7490s,+28d05m51.840s,194.9947875,28.0977335,0.0276676,8294.5378109608,SLS,G,IR,7.34529438753252,10,0,27,7,4,4,0,1,1,0
252,NGC 4867,12h59m15.2476s,+27d58m14.584s,194.8135318,27.9707178,0.0160811250295029,4821.0,SLS,G,"IR,Radio,Vis",7.41594670071966,173,1,93,31,32,11,7,8,2,0
253,CGCG 160-235,12h59m46.1510s,+27d51m25.369s,194.9422961,27.8570471,0.0269886709424825,8091.00000000001,SLS,G,"IR,Vis",7.45879317020806,96,0,70,32,31,7,0,3,2,0
254,SDSS J130018.41+275516.9,13h00m18.4100s,+27d55m16.900s,195.07670833333,27.92136111111,0.027202,8154.954442516,UUN,G,Vis,7.46954186704037,7,0,1,3,2,0,0,0,0,0
256,WISEA J130022.63+275754.9,13h00m22.6551s,+27d57m54.854s,195.0943965,27.9652373,0.02122,6361.59595876,SLS,G,"IR,Vis",7.55206330723698,19,0,38,11,7,4,0,1,0,0
257,SDSS J130018.70+275512.6,13h00m18.7111s,+27d55m12.612s,195.077963,27.92017,0.0219527,6581.2538927366,SLS,G,Vis,7.56224465670239,17,0,2,9,6,0,0,1,0,0
258,SDSS J125927.22+275257.0,12h59m27.2160s,+27d52m57.000s,194.8634,27.8825,0.0225,6745.330305,UUN,G,Vis,7.58208528088293,9,0,15,4,1,4,0,1,0,0
259,DESI J194.8981+27.8642,12h59m35.5591s,+27d51m51.151s,194.8981629,27.8642087,0.0209819,6290.2153745102,SLS,G,,7.58659633201014,0,0,0,1,1,0,0,0,0,0
260,WISEA J125935.28+275149.1,12h59m35.2816s,+27d51m49.108s,194.8970067,27.8636412,0.02099,6292.64369342,SLS,G,"IR,Vis",7.64166287754685,76,0,56,31,24,6,0,1,2,0
261,GIN 762,12h59m22.6201s,+27d53m48.720s,194.8442508,27.8968667,0.0171852221846088,5152.0,SLS,G,"IR,Vis",7.66232214449001,94,0,62,27,27,7,3,3,2,0
262,COMAi J130023.227+275948.91,13h00m23.2361s,+27d59m48.991s,195.09681708333,27.99694194444,0.021085,6321.12397693,UUN,G,Vis,7.67955767468603,6,0,1,2,1,0,0,0,0,0
263,SDSS J130014.15+280407.4,13h00m14.1704s,+28d04m07.230s,195.0590436,28.068675,0.0241999999,7254.97745362075,SUN,G,Vis,7.69536257370728,12,0,2,6,3,0,0,1,0,0
264,DESI J194.8958+27.8630,12h59m35.0150s,+27d51m47.058s,194.895896,27.8630718,0.0210462,6309.4920295596,SLS,G,,7.69613010284535,0,0,0,1,1,0,0,0,0,0
266,SDSS J130016.96+275416.0,13h00m16.9642s,+27d54m16.132s,195.0706843,27.9044811,0.029834,8944.008191972,UUN,G,"IR,Vis",7.74527721873611,13,0,25,9,4,4,0,1,0,0
267,WISEA J130012.86+280431.7,13h00m12.8682s,+28d04m31.791s,195.0536178,28.0754975,0.0250306497036693,7503.99999999999,SLS,G,"IR,Vis",7.7811055665593,101,0,63,37,37,7,1,2,2,1
268,DESI J194.9131+27.8561,12h59m39.1607s,+27d51m21.974s,194.9131696,27.856104,0.0241673,7245.1742702234,SLS?,G,,7.7856044720681,0,0,0,1,1,0,0,0,0,0
269,SDSS J130022.84+280057.1,13h00m22.8458s,+28d00m57.111s,195.0951909019,28.0158643487,0.030928,9271.981141024,UUN,G,Vis,7.81799234611843,2,0,16,1,1,4,0,0,0,0
270,2MASS J12593950+2751170,12h59m39.5026s,+27d51m16.029s,194.9145945,27.8544527,0.03134,9395.49563372,SLS,G,"IR,Vis",7.86111370630084,29,0,18,16,12,4,0,1,1,0
271,NGC 4864,12h59m13.1078s,+27d58m36.901s,194.804616,27.976917,0.022532,6754.923663656,UUN,G,"IR,Radio,Vis,Xray",7.86626734105761,175,5,83,29,31,11,6,9,2,1
272,WISEA J125925.73+280453.7,12h59m25.7579s,+28d04m53.171s,194.8573246,28.0814364,0.02576,7722.65371808,SLS,G,"IR,Vis",7.87340530685217,8,0,38,6,3,4,0,1,0,0
274,WISEA J130017.02+280350.1,13h00m17.0278s,+28d03m50.125s,195.0709493,28.0639238,0.0204708285223106,6137.0,SLS,G,"IR,UV,Vis",7.98644953005761,101,0,71,34,28,7,1,2,2,0
275,SDSS J130024.85+275921.8,13h00m24.8490s,+27d59m21.860s,195.1035375,27.98940555556,0.030745,9217.11912121,UUN,G,Vis,7.99202647486047,11,0,16,5,2,4,0,1,0,0
277,WISEA J130018.34+280333.4,13h00m18.3449s,+28d03m33.465s,195.0764374,28.059296,0.03325,9968.0992285,SLS,G,"IR,Vis",8.05082068254802,30,0,38,12,8,4,0,1,0,1
278,WISEA J125931.89+275140.7,12h59m31.8989s,+27d51m40.701s,194.8829123,27.8613059,0.0155440868362339,4660.0,SLS,G,"IR,Vis",8.08595993773847,47,0,42,19,13,0,0,1,1,1
279,WISEA J125931.59+280601.8,12h59m31.5990s,+28d06m01.891s,194.8816627,28.1005254,0.0247771409913187,7427.99999999999,SLS,G,"IR,Vis",8.10570685471075,33,0,21,14,10,0,0,1,1,0
280,COMAi J130021.966+280218.24,13h00m21.9874s,+28d02m18.765s,195.09161416667,28.03854583333,0.02686,8052.42542188,SLS,G,Vis,8.11396129246069,6,0,1,3,2,0,0,0,0,0
281,DESI J195.0377+27.8678,13h00m09.0579s,+27d52m04.159s,195.0377414,27.8678221,0.0174698,5237.3142827684,SLS,G,,8.1422110210711,0,0,0,1,1,0,0,0,0,0
282,SDSS J125911.92+275952.3,12h59m11.9324s,+27d59m52.354s,194.7997185,27.9978762,0.0235155,7049.769546099,SLS,G,Vis,8.18404892633837,6,0,24,3,1,4,0,1,0,0
285,MRK 0060 NED01,13h00m09.3138s,+27d52m00.031s,195.0388077533,27.8666753771,0.0177322673007338,5316.00000000001,SLS,G,"IR,Radio,Vis,Xray",8.23080346536669,81,0,80,26,21,7,0,2,2,0
286,SDSS J125914.43+280217.3,12h59m14.4520s,+28d02m16.460s,194.810216666667,28.0379055555556,0.0265817227463407,7968.99999999999,UUN,G,Vis,8.29848907190709,16,0,15,8,2,4,0,1,0,0
287,COMAi J130025.049+275637.93,13h00m25.0634s,+27d56m38.022s,195.10443083333,27.943895,0.02317,6946.19125186,SLS,G,Vis,8.32820534920235,8,0,1,3,2,0,0,0,0,0
288,IC 4026,13h00m22.1459s,+28d02m49.251s,195.0922749,28.0470143,0.0272688647824489,8174.99999999999,SLS,G,"IR,Vis",8.37342326905229,138,1,88,33,33,7,6,5,2,0
289,SDSS J130022.90+275515.1,13h00m22.9536s,+27d55m15.204s,195.09564,27.92089,0.01758,5270.35141164,SLS,G,Vis,8.37627561833526,11,0,16,5,4,4,0,1,0,0
290,WISEA J125911.54+280033.3,12h59m11.5453s,+28d00m33.355s,194.7981054,28.0092653,0.0229925730820086,6892.99999999999,SLS,G,"IR,Vis",8.3796083520788,62,0,46,28,20,4,0,1,1,0
291,WISEA J125920.19+280427.3,12h59m20.1943s,+28d04m27.343s,194.8341429,28.0742622,0.02389,7162.04182162,SLS,G,"IR,Vis",8.42258742761332,51,0,61,23,18,6,0,1,2,1
292,WISEA J130026.15+280031.8,13h00m26.1665s,+28d00m32.073s,195.1090273,28.0089092,0.0186348,5586.5724963384,SLS,G,"IR,Vis",8.43413011233514,22,0,43,11,6,4,0,1,0,0
293,DESI J195.0390+27.8622,13h00m09.3651s,+27d51m44.007s,195.0390215,27.8622242,0.0200612,6014.1964584296,SLS?,G,,8.46081921033793,0,0,0,1,1,0,0,0,0,0
294,SDSS J130026.78+275953.4,13h00m26.7804s,+27d59m53.409s,195.11158498,27.9981691969,0.024,7195.018992,SLS,G,Vis,8.4650605739419,9,0,16,3,2,4,0,1,0,0
295,SDSS J130008.97+275139.6,13h00m09.0058s,+27d51m39.763s,195.0375244,27.8610454,0.0171767,5149.4451133286,SLS,G,,8.47827548177221,9,0,11,4,1,0,0,1,0,0
296,MRK 0060 NED02,13h00m10.2434s,+27d51m49.805s,195.0426809,27.8638348,0.03311,9926.12828438,SLS,G,"IR,Radio,Vis,Xray",8.48670937063599,64,0,52,14,17,6,0,2,2,1
297,GIN 763,12h59m20.1778s,+27d53m09.579s,194.8340743,27.8859942,0.0216216246507442,6482.0,SLS,G,"IR,UV,Vis",8.49922377809371,113,0,67,35,38,7,1,2,2,1
298,WISEA J125910.15+275832.1,12h59m10.0995s,+27d58m31.926s,194.7920816,27.9755352,0.0250232,7501.7666350256,SLS,G,"IR,Vis",8.53297093864003,6,0,35,5,1,4,0,1,0,0
299,SDSS J130021.38+280327.3,13h00m21.3873s,+28d03m27.380s,195.089113877,28.057605817,0.026251,7869.851814958,UUN,G,Vis,8.55012497659853,2,0,16,1,1,4,0,0,0,0
300,COMAi J125932.496+275102.47,12h59m32.5159s,+27d51m02.646s,194.88548291667,27.850735,0.0273,8184.3341034,SLS,G,Vis,8.59662982833478,11,0,9,3,3,0,0,1,0,0
301,WISEA J130024.81+275535.8,13h00m24.8149s,+27d55m35.863s,195.1033955,27.9266287,0.02653,7953.49391074,SLS,G,"IR,Vis",8.61264049370391,57,0,50,22,13,4,0,1,1,0
302,SDSS J130027.87+275916.3,13h00m27.8872s,+27d59m16.489s,195.116197,27.9879138,0.031395,9411.98421891,UUN,G,Vis,8.65685477615437,12,0,15,8,4,4,0,1,0,0
303,WISEA J130027.35+280033.4,13h00m27.3466s,+28d00m33.444s,195.1139444,28.0092902,0.0210342,6305.8945200636,SLS,G,"IR,Vis",8.69402195097955,14,0,39,7,4,4,0,1,0,0
304,COMAi J125926.945+275136.63,12h59m26.9531s,+27d51m36.333s,194.8623048,27.8600925,0.0334765,10036.002220237,SLS,G,Vis,8.70325392095286,9,0,0,6,1,0,0,0,0,0
305,COMAi J130019.310+280422.03,13h00m19.3322s,+28d04m22.400s,195.08055083333,28.07288888889,0.02451,7347.91314558,SLS,G,Vis,8.71976496199134,6,0,1,3,2,0,0,0,0,0
306,SDSS J130023.47+280301.9,13h00m23.4700s,+28d03m01.900s,195.09779166667,28.05052777778,0.023603,7076.001386174,UUN,G,Vis,8.73062308463669,9,0,1,4,3,0,0,1,0,0
307,WISEA J130013.63+275201.8,13h00m13.6362s,+27d52m01.888s,195.0568176,27.8671912,0.02468,7398.87786344,SLS,G,"IR,Vis",8.77043792596537,46,0,34,17,12,0,0,1,1,0
308,IC 4033,13h00m28.3929s,+27d58m20.661s,195.1183039,27.9724059,0.0257344699445374,7714.99999999999,SLS,G,"IR,Vis",8.77433746059807,83,0,57,32,28,7,0,2,2,0
309,IC 4030,13h00m27.9651s,+27d57m21.529s,195.1165216,27.9559805,0.0233594935867266,7003.0,SLS,G,"IR,Vis",8.79445942752062,102,0,53,40,35,3,1,2,2,0
310,WISEA J130021.67+275354.7,13h00m21.6739s,+27d53m54.721s,195.0903083,27.8985337,0.016201,4856.937612058,UUN,G,"IR,UV,Vis",8.800852699078,57,0,59,28,19,6,0,1,2,0
311,WISEA J130012.34+280557.6,13h00m12.3454s,+28d05m57.694s,195.0514392,28.0993596,0.0259,7764.6246622,SLS,G,IR,8.8095566758346,6,0,37,4,2,4,0,0,0,0
312,WISEA J125915.60+275356.7,12h59m15.5809s,+27d53m56.886s,194.8149206,27.8991352,0.0177237,5313.4315878546,SLS,G,"IR,Vis",8.81450551707997,11,0,38,5,2,4,0,1,0,0
313,SDSS J130020.39+280413.9,13h00m20.3972s,+28d04m13.981s,195.0849887,28.0705504,0.0222999994,6685.37163352452,SUN,G,Vis,8.81696509021926,13,0,17,6,4,4,0,1,0,0
314,NGC 4865,12h59m19.8749s,+28d05m03.353s,194.8328122,28.0842649,0.0152738999191234,4579.0,SLS,G,"IR,Radio,UV,Vis,Xray",8.88287065444184,161,3,108,38,35,12,5,6,2,0
315,WISEA J125950.99+274958.5,12h59m50.9923s,+27d49m58.562s,194.9624681,27.832934,0.02634489223875,7897.99999999999,SLS,G,"IR,Radio,Vis",8.89813304383952,65,0,55,23,17,6,0,1,2,0
316,SMDG J1259088+275736,12h59m08.8070s,+27d57m35.620s,194.786695833333,27.9598944444444,0.0236697081952609,7096.00000000001,SUN,G,Vis,8.90320372598872,10,0,1,9,1,0,0,0,0,0
317,WISEA J125926.45+275124.7,12h59m26.4580s,+27d51m24.804s,194.8602417,27.8568902,0.0165606,4964.7429799548,SLS,G,"IR,Vis",8.92388741242829,25,0,45,11,6,4,0,1,1,0
318,IC 3976,12h59m29.3961s,+27d51m00.687s,194.872484,27.850191,0.0226423307820506,6788.00000000001,SLS,G,"IR,Radio,Vis,Xray",8.93433809244196,151,1,77,45,42,9,0,5,2,0
319,WISEA J125955.09+280742.0,12h59m55.0999s,+28d07m42.023s,194.9795829,28.1283399,0.0252307881607882,7563.99999999999,SLS,G,"IR,UV,Vis",8.95174835372841,113,2,57,32,33,7,6,4,2,0
320,DESI J194.9618+27.8310,12h59m50.8491s,+27d49m51.835s,194.9618714,27.8310653,0.0264857,7940.2131048506,SLS,G,,9.00837144335888,0,0,0,1,1,0,0,0,0,0
321,COMAi J130029.715+275806.73,13h00m29.7100s,+27d58m06.790s,195.12379166667,27.96855277778,0.017412,5219.986278696,UUN,G,,9.08088451504858,7,0,1,4,2,0,0,0,0,0
322,WISEA J125914.62+275344.1,12h59m14.6213s,+27d53m44.102s,194.8109223,27.8955839,0.0213747872202976,6408.0,SLS,G,"IR,Vis",9.10951457586818,44,0,54,16,12,4,0,1,1,1
323,SDSS J130029.38+275719.4,13h00m29.4000s,+27d57m19.821s,195.1225,27.955506,0.023406,7016.942271948,UUN,G,Vis,9.11153554730234,6,0,9,3,2,4,0,0,0,0
324,SDSS J125951.54+274946.3,12h59m51.5507s,+27d49m46.186s,194.9647948,27.8294961,0.0265999995,7974.47923290377,SUN,G,Vis,9.11172206070731,6,0,17,3,3,4,0,0,0,0
325,SDSS J130020.57+275300.3,13h00m20.5566s,+27d53m00.543s,195.0856527,27.8834842,0.0231568,6942.2339914144,SLS,G,Vis,9.1477703500611,5,0,9,3,1,0,0,1,0,0
326,SDSS J130015.72+280551.6,13h00m15.7248s,+28d05m51.432s,195.06552,28.09762,0.0172,5156.4302776,UUN,G,Vis,9.19063869858202,7,0,15,4,1,4,0,1,0,0
327,SDSS J130020.27+280453.2,13h00m20.2798s,+28d04m53.230s,195.084499442,28.0814528898,0.02711,8127.37353638,SLS,G,Vis,9.2103071804351,8,0,16,4,2,4,0,1,0,0
328,WISEA J125915.84+275310.0,12h59m15.8229s,+27d53m09.737s,194.8159291,27.8860381,0.0220276,6603.7083478408,SLS,G,"IR,Vis",9.23360985030855,7,0,36,4,2,4,0,1,0,0
329,COMAi J130030.879+275827.64,13h00m30.8928s,+27d58m27.948s,195.12872,27.97443,0.021065,6315.12812777,UUN,G,Vis,9.31935760181684,7,0,4,4,3,0,0,0,0,0
330,SDSS J125942.52+280807.9,12h59m42.5334s,+28d08m07.901s,194.9272228,28.1355281,0.0308324,9243.3209820392,SLS,G,Xray,9.37160556576657,6,0,18,4,3,4,0,1,0,0
331,WISEA J125909.47+280227.2,12h59m09.4729s,+28d02m27.280s,194.7894706,28.0409111,0.0240432999818828,7208.0,SLS,G,"IR,Vis",9.37862692558476,68,0,40,29,21,2,0,1,2,0
332,IC 3955,12h59m06.0368s,+27d59m48.106s,194.7751536,27.9966962,0.0255743591788423,7666.99999999999,SLS,G,"IR,Vis,Xray",9.46966371899796,130,3,72,35,37,7,2,6,2,0
333,COMAi J130029.807+280136.36,13h00m29.8279s,+28d01m36.782s,195.12428291667,28.02688388889,0.023,6895.226534,SLS,G,Vis,9.48215023475214,5,0,4,3,3,0,0,0,0,0
334,SDSS J130030.06+280134.8,13h00m30.0636s,+28d01m34.871s,195.1252650532,28.0263530558,0.021975,6587.93926455,UUN,G,Vis,9.52282101594089,7,0,16,2,1,4,0,0,0,0
335,SDSS J130025.97+280344.6,13h00m25.9864s,+28d03m44.715s,195.1082768,28.062421,0.0251636,7543.8574961288,SLS,G,Vis,9.56591853787658,10,0,15,5,2,4,0,1,0,0
336,CGCG 160-223,12h59m13.8892s,+28d04m34.909s,194.807872,28.0763637,0.0260446845530717,7808.0,SLS,G,"IR,UV,Vis,Xray",9.58225531967091,97,1,67,28,26,8,1,3,2,1
337,WISEA J130018.55+280549.7,13h00m18.5506s,+28d05m49.769s,195.0772944,28.0971582,0.0260780409625915,7817.99999999999,SLS,G,"IR,Vis",9.58649817202533,44,0,24,20,13,0,0,1,1,1
338,WISEA J125930.13+280732.2,12h59m30.1401s,+28d07m31.868s,194.8755841,28.1255191,0.0253824,7609.4520859392,SLS,G,IR,9.59126571042081,2,0,37,5,1,4,0,1,0,0
339,WISEA J130009.14+275021.7,13h00m09.1544s,+27d50m22.230s,195.0381437,27.8395084,0.0190596,5713.9243324968,SLS,G,"IR,Vis",9.6151598797401,6,0,36,4,1,4,0,1,0,0
341,COMAi J130032.301+275841.02,13h00m32.3225s,+27d58m41.049s,195.1346772,27.9780692,0.023,6895.226534,UUN,G,Vis,9.62811918544689,5,0,0,2,2,0,0,0,0,0
343,WISEA J125936.96+274932.8,12h59m36.9667s,+27d49m32.848s,194.9040283,27.8257913,0.0208644341546444,6255.0,SLS,G,"IR,UV,Vis",9.66777384873356,59,0,70,28,18,6,0,2,2,0
344,SDSS J130032.48+275833.2,13h00m32.4929s,+27d58m33.386s,195.1353872,27.9759406,0.02814,8436.15976812,SLS,G,Vis,9.6689957312989,9,0,16,6,4,4,0,1,0,0
345,SDSS J130031.92+275711.2,13h00m31.9368s,+27d57m11.520s,195.13307,27.9532,0.0196,5875.9321768,UUN,G,Vis,9.68713686136615,7,0,15,4,1,4,0,1,0,0
346,COMAi J130027.569+280322.85,13h00m27.5640s,+28d03m22.824s,195.11485,28.05634,0.0193,5785.9944394,UUN,G,,9.69160435557627,3,0,0,2,1,0,0,0,0,0
347,COMAi J130032.579+275910.36,13h00m32.6100s,+27d59m10.680s,195.135875,27.9863,0.021808,6537.873924064,UUN,G,Vis,9.69482789320584,6,0,4,3,2,0,0,0,0,0
348,WISEA J130027.67+280324.1,13h00m27.6040s,+28d03m23.843s,195.1150169,28.0566233,0.0193,5785.9944394,UUN,G,"IR,Vis",9.70734856874237,9,0,12,6,2,0,0,1,0,0
349,COMAi J130032.287+280012.87,13h00m32.2911s,+28d00m12.912s,195.1345465,28.0035869,0.015614,4680.959439212,UUN,G,Vis,9.71345329839505,6,0,4,4,3,0,0,0,0,0
351,SDSS J125956.00+274912.2,12h59m56.0016s,+27d49m12.307s,194.98334,27.8200854,0.0253437,7597.8501178146,SLS,G,,9.78799577443463,0,0,15,2,1,4,0,0,0,0
352,WISEA J125950.28+280839.7,12h59m50.2849s,+28d08m39.736s,194.9595204,28.1443711,0.0226473,6789.4897340634,SLS,G,"IR,Vis",9.80834347577464,56,0,46,27,22,6,0,1,2,0
353,COMAi J130031.773+280121.93,13h00m31.7909s,+28d01m22.328s,195.13246208333,28.02286888889,0.027095,8122.87664951,UUN,G,Vis,9.83346323141509,6,0,3,2,1,0,0,0,0,0
354,SDSS J130010.54+275016.3,13h00m10.5421s,+27d50m16.314s,195.0439258,27.8378652,0.0274561,8231.1317060938,SLS,G,Vis,9.84872204964497,2,0,15,2,1,4,0,0,0,0
355,WISEA J130033.33+275849.8,13h00m33.3349s,+27d58m49.324s,195.1388958,27.9803679,0.017098,5125.851446884,UUN,G,"IR,Vis",9.85001178123582,13,0,36,9,4,4,0,1,0,0
356,DESI J194.7673+27.9591,12h59m04.1588s,+27d57m32.933s,194.7673285,27.9591483,0.0234571,7032.2616665518,SLS,G,,9.92599279226259,0,0,0,1,1,0,0,0,0,0
357,WISEA J125904.15+275732.8,12h59m04.1582s,+27d57m32.851s,194.7673259,27.9591255,0.0234562271743341,7032.00000000001,SLS,G,"IR,Vis",9.92631117940612,24,0,33,18,13,3,0,0,0,0
358,GIN 766,12h59m04.1527s,+27d57m32.907s,194.767303,27.959141,0.02346,7033.13106468,SLS,G,Xray,9.92739042428034,53,0,20,12,13,2,2,3,2,0
359,SDSS J125927.98+280741.7,12h59m27.9969s,+28d07m41.792s,194.8666541,28.1282757,0.0183843,5511.4744856094,SLS?,G,,9.94925893891512,3,0,15,3,1,4,0,1,0,0
360,WISEA J125940.72+280839.7,12h59m40.7279s,+28d08m39.724s,194.9196996,28.1443678,0.0256477432797859,7689.0,SLS,G,"IR,Vis",9.95937430595547,24,0,34,13,8,4,0,1,0,0
361,WISEA J130023.13+275224.0,13h00m23.1315s,+27d52m24.824s,195.0963815,27.8735624,0.02328,6979.16842224,SLS,G,"IR,Vis",9.9664285046091,5,0,27,5,2,4,0,1,0,0
